x,y,z
0.0011732385740658596,0.0011781098653141622,-2.2078161805966223e-05
0.005875915135911714,9.744080054653113e-05,0.12512979162669718
0.007048010755676774,0.0001155891799314039,-0.0002206371762179804
0.005866469950255589,0.00013143444179353648,-0.1255709576840931
0.0023321561881622377,0.00014044654604897583,-0.2508769919248334
-0.0035532429899319262,0.00013811449256521819,-0.37609459779840504
-0.01178721698306922,0.00011994785830354114,-0.5011796840280169
-0.02236643340991845,8.147832020458567e-05,-0.6260882250914894
-0.03528673965643564,1.826116337679608e-05,-0.7507762761281702
-0.050543164690903315,-7.412322584464197e-05,-0.8751999878167549
-0.06812992114589436,-0.00020006788239200078,-0.9993156212193709
-0.08804040766663307,-0.00036393780092907127,-1.1230795625872863
-0.1102672115251406,-0.0005700684906923097,-1.2464483381235993
-0.13480211149947746,-0.0008227645471077785,-1.3693786286982863
-0.16163608101730984,-0.001126298240575892,-1.4918272845109615
-0.19075929156295557,-0.0014849081228059126,-1.6137513396967478
-0.2221611163469725,-0.0019027976510724203,-1.735108026870621
-0.2558301342372915,-0.002384133830764229,-1.855854791605644
-0.29175413395079,-0.0029330458765744437,-1.9759493068404825
-0.32992011850414793,-0.0035536238926894047,-2.0953494872116223
-0.37031430992272657,-0.004249917572307107,-2.2140135033057255
-0.412922154206148,-0.005025934916820548,-2.331899795827568
-0.45772832654915924,-0.005885640974989486,-2.448967089679016
-0.5047167368162905,-0.006832956602411204,-2.5651744079445358
-0.5538705352687412,-0.007871757241589611,-2.680481085778725
-0.6051721185418378,-0.00900587172291372,-2.7948467841913813
-0.6586031358713389,-0.01023908108681371,-2.908231503725681
-0.714144495566773,-0.011575117427385047,-3.02059559802499
-0.7717763717299259,-0.013017662757748908,-3.131899787283933
-0.8314782112165003,-0.014570347897399243,-3.242105171579329
-0.8932287408389205,-0.01623675138180422,-3.3511732440766404
-0.9570059748081258,-0.018020398394481132,-3.459065904107596
-1.022787222412187,-0.019924759721814393,-3.5657454701147286
-1.0905490959294337,-0.021953250730790786,-3.671174692458523
-1.1602675187737532,-0.02410923036992288,-3.7753167660829927
-1.231917733869614,-0.02639600019352986,-3.8781353430354546
-1.3054743122543149,-0.02881680340957602,-3.9795945448363734
-1.3809111619048597,-0.03137482395128239,-4.079658974695136
-1.4582015367867975,-0.034073185572670306,-4.178293729567709
-1.5373180461223013,-0.0369149509681977,-4.275464412052116
-1.6182326638746425,-0.039903120916686755,-4.371137142117742
-1.7009167384462265,-0.043040633449665196,-4.465278568664552
-1.785341002587157,-0.0463303630442836,-4.557855880908271
-1.8714755835113712,-0.04977511984092868,-4.6488368195876895
-1.9592900132171922,-0.053377648885695426,-4.738189687990303
-2.048753239009119,-0.05714062939777261,-4.825883362792508
-2.1398336342176645,-0.061066674061942466,-4.911887304710632
-2.2324990091138406,-0.06515832834620765,-4.9961715689591815
-2.326716622014983,-0.06941806984469505,-5.078706815512684
-2.422453190578408,-0.07384830764590476,-5.159464319167557
-2.5196749032794146,-0.07845138172638634,-5.23841597940057
-2.6183474310700134,-0.08322956236988044,-5.315534330020417
-2.718435939214751,-0.08818504961204775,-5.390792548609055
-2.8199050992999233,-0.09331997271077366,-5.464164465749484
-2.922719101412344,-0.0986363896421265,-5.535624574036722
-3.0268416664838975,-0.1041362866219768,-5.605148036868826
-3.1322360587978957,-0.10982157765337118,-5.672710697014749
-3.238865098653328,-0.11569410409958182,-5.738289084956097
-3.346691175182958,-0.12175563428290863,-5.801860426999689
-3.4556762593211565,-0.12800786310923673,-5.863402653158078
-3.565781916917397,-0.13445241171830952,-5.922894404795137
-3.6769693219911215,-0.1410908271597436,-5.980315042033969
-3.789199270123801,-0.14792458209470447,-6.035644650924394
-3.9024321919838623,-0.1549550745233087,-6.088864050367415
-4.016628166980074,-0.16218362753761767,-6.139954798794095
-4.131746937039072,-0.16961148910026436,-6.188899200596335
-4.247747920502464,-0.1772398318485847,-6.2356803123072115
-4.36459022613907,-0.18506975292424585,-6.28028194852846
-4.482232667267726,-0.19310227382831574,-6.322688687602932
-4.600633775986021,-0.20133834030163766,-6.362885877029811
-4.719751817500359,-0.20977882223050356,-6.400859638620499
-4.839544804552618,-0.2184245135774972,-6.436596873393226
-4.9599705119387005,-0.22727613233741273,-6.4700852662043475
-5.080986491114169,-0.23633432051813558,-6.501313290114615
-5.202550084882206,-0.24559964414646734,-6.530270210488571
-5.324618442158986,-0.2550725932986117,-6.556946088825449
-5.447148532811608,-0.2647535821554049,-6.581331786319982
-5.570097162563684,-0.2746429490819582,-6.603418967151624
-5.693420987963573,-0.2847409567317571,-6.623200101500779
-5.8170765314103425,-0.2950477921749111,-6.640668468290719
-5.941020196232397,-0.30556356705058346,-6.655818157653969
-6.0652082818137485,-0.3162883177432706,-6.6686440731220165
-6.189596998762854,-0.32722200558292674,-6.679141933537312
-6.314142484118939,-0.33836451706864135,-6.68730827468658
-6.438800816590684,-0.3497156641157477,-6.6931404506546155
-6.563528031822105,-0.3612751843262855,-6.696636634897769
-6.688280137680552,-0.37304274128239234,-6.697795821036463
-6.813013129561553,-0.38501792486270053,-6.6966178233661635
-6.937683005705374,-0.39720025158137023,-6.693103277086299
-7.062245782520082,-0.40958916494960285,-6.687253638246766
-7.186657509905873,-0.4221840358595035,-6.679071183411725
-7.310874286575444,-0.43498416298994913,-6.6685590090404645
-7.4348522753651745,-0.44798877323435193,-6.655721030585256
-7.558547718531892,-0.4611970221500258,-6.640561981306207
-7.681916953029915,-0.4746079944290415,-6.623087410803166
-7.804916425763188,-0.48822070439012766,-6.603303683264929
-7.927502708807173,-0.5020340964916614,-6.581217975435987
-8.049632514595354,-0.5160470458653001,-6.556838274301225
-8.171262711064962,-0.5302583588700099,-6.530173374489048
-8.292350336756797,-0.544666773666426,-6.501232875393555
-8.412852615863816,-0.5592709608110435,-6.47002717801639
-8.532726973223289,-0.5740695238702324,-6.436567481529096
-8.65193104924729,-0.5890610000535588,-6.400865779556819
-8.770422714786315,-0.6042438608663417,-6.362934856184381
-8.888160085920797,-0.6196165127811187,-6.322788281685769
-9.005101538675351,-0.6351772979276844,-6.280440407978192
-9.121205723650595,-0.650924494801498,-6.235906363802078
-9.236431580567361,-0.6668563189901775,-6.189202049628275
-9.350738352718162,-0.6829709239176885,-6.140344132293958
-9.464085601320875,-0.6992664016060889,-6.089350039368885
-9.576433219769454,-0.7157407834544887,-6.03623795325354
-9.687741447776723,-0.732392041034801,-5.981026805011048
-9.797970885404112,-0.7492180869041694,-5.92373626793461
-9.90708250697345,-0.7662167754336854,-5.864386750852549
-10.01503767485576,-0.783385903653077,-5.802999391172867
-10.12179815313216,-0.800723212111103,-5.73959604766959
-10.227326121122,-0.818226385751222,-5.674199293013075
-10.331584186773314,-0.8358930548024985,-5.606832406046615
-10.434535399910866,-0.8537207956850725,-5.537519363811819
-10.53614326533688,-0.8717071319301366,-5.466284833325266
-10.636371755779864,-0.8898495351139931,-5.39315416310902
-10.735185324686745,-0.908145425805887,-5.318153374477772
-10.832548918853695,-0.9265921745293332,-5.241309152585382
-10.928427990891128,-0.9451871027364217,-5.162648837233677
-11.022788511518167,-0.9639274837951417,-5.08220041344657
-11.1155969816823,-0.9828105439889224,-4.999992501812493
-11.206820444499618,-1.0018334635285113,-4.91605434859832
-11.296426497011359,-1.02099337757548,-4.830415815638046
-11.384383301752404,-1.0402873772772532,-4.743107369999551
-11.470659598127469,-1.059712510813327,-4.6541600734328075
-11.55522471359079,-1.0792657844520614,-4.5636055716031105
-11.638048574625207,-1.0989441636180934,-4.47147608311288
-11.719101717516482,-1.118744573969801,-4.377804388315634
-11.798355298918972,-1.1386639024863732,-4.282623817926025
-11.875781106208642,-1.1586989985645226,-4.185968241429586
-11.951351567619554,-1.1788466751240252,-4.08787205529624
-12.025039762160064,-1.1991037097220592,-3.9883701710014448
-12.096819429305024,-1.2194668456759281,-3.887498002859078
-12.166664978460265,-1.2399327931938158,-3.7852914556702135
-12.234551498195879,-1.2604982305130363,-3.6817869121918805
-12.30045476524479,-1.281159805045809,-3.5770212204302467
-12.36435125326308,-1.30191413453186,-3.4710316807624086
-12.426218141348985,-1.3227578081976223,-3.3638560328912916
-12.486033322317008,-1.3436873879218485,-3.2555324426381156
-12.54377541072425,-1.364699409406879,-3.146099488576972
-12.599423750645688,-1.385790383355792,-3.0355961485161
-12.652958423195512,-1.4069567966543544,-2.924061785830574
-12.704360253791519,-1.4281951135582445,-2.8115361356510915
-12.753610819159888,-1.4495017768844307,-2.6980592909136916
-12.800692454077375,-1.4708732092068932,-2.5836716882752127
-12.845588257848549,-1.4923058140561736,-2.4684140938994164
-12.888282100515331,-1.5137959771221694,-2.352327589118764
-12.928758628796436,-1.5353400674601958,-2.2354535559767728
-12.967003271754384,-1.5569344386998158,-2.117833662656127
-13.003002246187803,-1.5785754302559405,-1.9995098487975616
-13.036742561746827,-1.6002593685420659,-1.8805243107147072
-13.068212025769558,-1.6219825681851607,-1.7609194865101354
-13.09739924783758,-1.643741333242051,-1.6407380410977739
-13.12429364404869,-1.6655319584165558,-1.5200228511370741
-13.148885441005064,-1.6873507302775712,-1.398816989884173
-13.171165679515163,-1.7091939284772895,-1.2771637119654495
-13.19112621800784,-1.731057826969501,-1.1551064380789124
-13.208759735657193,-1.7529386952274093,-1.0326887396287858
-13.224059735216757,-1.7748327994608912,-0.9099543232987879
-13.237020545561787,-1.7967364038326348,-0.7869470155696421
-13.24763732393856,-1.818645771672873,-0.6637107471862511
-13.255906057919532,-1.8405571666924652,-0.5402895375801844
-13.2618235670635,-1.862466854193888,-0.41672747925297204
-13.265387504279891,-1.8843711022798493,-0.2930687221258279
-13.266596356896462,-1.906266183059224,-0.16935745786145448
-13.265449447429807,-1.9281483738498837,-0.04563790416346657
-13.261946934058166,-1.9500139583781422,0.07804571094080691
-13.256089810796109,-1.9718592279745848,0.20164916482857997
-13.247879907370823,-1.993680482765811,0.325128256015217
-13.237319888799828,-2.0154740328618033,0.44843881988747686
-13.224413254670027,-2.037236199538788,0.5715367444307972
-13.209164338118184,-2.0589633164168144,0.6943779859448258
-13.19157830451287,-2.0806517306323573,0.8169185847415941
-13.171661149838265,-2.1022978040050635,0.9391146808205957
-13.149419698780111,-2.123897914198712,1.0609225295150877
-13.124861602514287,-2.1454484558758717,1.182298517103936
-13.097995336198652,-2.166945841845981,1.3031991763833148
-13.068830196168777,-2.1883865042067114,1.4235812021926035
-13.037376296838486,-2.209766895478019,1.5434014668888374
-13.003644567306015,-2.2310834897288134,1.6626170357640002
-12.967646747666853,-2.252332783695932,1.7811851823995961
-12.929395385034484,-2.2735112978950287,1.899063403952898
-12.888903829270154,-2.2946155777230417,2.016209436369164
-12.846186228423086,-2.3156421945521757,2.13258126951441
-12.801257523882665,-2.336587746814883,2.2481371622230655
-12.754133445244015,-2.3574488610797317,2.362835657255041
-12.704830504888807,-2.378222193117646,2.4766355961567217
-12.653365992283044,-2.3989044289585877,2.589496134020404
-12.599757967993593,-2.419492285938086,2.70137675413674
-12.544025257425723,-2.4399825137334656,2.8122372825348156
-12.486187444283493,-2.4603718953895632,2.922037902404487
-12.426264863755351,-2.480657248333602,3.030739168395674
-12.364278595427297,-2.5008354253789045,3.1383020207892853
-12.300250455925838,-2.5209033157173244,3.2446877995346153
-12.234202991293511,-2.540857845900023,3.349858258147935
-12.166159469099387,-2.5606959808064076,3.453775577467215
-12.096143870287403,-2.5804147246009643,3.5564023792578316
-12.024180880765318,-2.6000111216776056,3.65770173966421
-11.95029588273721,-2.619482257591635,3.7576372025025004
-11.874514945782508,-2.63882525997869,3.8561727923892075
-11.796864817684764,-2.658037299460634,3.95327302770103
-11.717372915013293,-2.677115590538186,4.048902933361053
-11.63606731346103,-2.696057392470022,4.143028053446479
-11.55297673794201,-2.714860010138014,4.235614463613282
-11.468130552451948,-2.7335207948985607,4.326628783333138
-11.381558749695527,-2.752037145419703,4.416038187938017
-11.293291940484046,-2.770406508503806,4.503810420468058
-11.20336134290725,-2.7886263798955313,4.589913803318154
-11.111798771283064,-2.8066943050751894,4.674317249679037
-11.018636624889359,-2.824607880036714,4.756990274768529
-10.923907876481582,-2.8423647520507767,4.83790300684871
-10.827646060600463,-2.8599626204121247,4.917026198025008
-10.729885261674,-2.8773992371715047,4.994331234823029
-10.630660101917867,-2.8946724078516644,5.069790148539255
-10.530005729038734,-2.9117799921473995,5.143375625361722
-10.427957803744816,-2.9287199046094257,5.215061016256836
-10.324552487068164,-2.9454901153117854,5.284820346618665
-10.219826427503302,-2.962088650502927,5.352628325677054
-10.11381674796682,-2.9785135932398767,5.418460355661073
-10.006561032582612,-2.994763084005651,5.482292540714282
-9.898097313297566,-3.0108353213096555,5.544101695558521
-9.788464056332531,-3.026728562270879,5.603865353902957
-9.677700148473463,-3.04244112318375,5.661561776595192
-9.565844883207735,-3.057971380066499,5.717169959511383
-9.452937946710588,-3.073317769191986,5.770669641182402
-9.339019403686907,-3.088478787600651,5.822041310153155
-9.22412968307334,-3.1034529935956465,5.871266212072286
-9.108309563606038,-3.118239007219924,5.918326356509583
-8.991600159259267,-3.1328355107151498,5.963204523498501
-8.87404290456012,-3.1472412489624086,6.005884269801373
-8.755679539784774,-3.161455029904404,6.046349934894886
-8.636552096041635,-3.175475724949242,6.084586646673573
-8.516702880246708,-3.189302269355629,6.120580326869191
-8.396174459996983,-3.2029336625991816,6.154317696183886
-8.27500964834691,-3.2163689687201367,6.185786279135228
-8.153251488493943,-3.229607316652001,6.2149744086112575
-8.030943238378484,-3.242647900531217,6.241871230133837
-7.908128355203942,-3.255489979987739,6.266466705828665
-7.784850479882572,-3.268132880416507,6.28875161810044
-7.661153421412774,-3.2805759932295055,6.308717573011786
-7.537081141193549,-3.292818776088686,6.32635700336466
-7.4126777372819,-3.3048607531192853,6.341663171483021
-7.287987428598844,-3.316701515103898,6.354630171695734
-7.163054539089965,-3.328340719656832,6.365252932518758
-7.037923481846178,-3.339778091378996,6.373527218535736
-6.912638743190551,-3.351013421993162,6.379449631976305
-6.787244866737104,-3.362046570459479,6.383017613991491
-6.661786437427289,-3.3728774630713327,6.384229445625695
-6.5363080655501165,-3.383506093531431,6.383084248484874
-6.4108543707517125,-3.3939325230080986,6.379581985100669
-6.285469966040208,-3.40415688017176,6.3737234589902965
-6.1601994417918275,-3.4141793612115943,6.365510314412179
-6.03508734976399,-3.424000229832305,6.3549450358174
-5.910178187121363,-3.433619817231076,6.342030946997111
-5.785516380480675,-3.4430385220545427,6.326772209926284
-5.661146269980116,-3.4522568103360216,6.309173823304138
-5.537112093379216,-3.4612752154127353,6.289241620791823
-5.413457970195072,-3.470094337823192,6.266982268947975
-5.290227885880548,-3.478714845184767,6.242403264862942
-5.167465676050528,-3.487137472051274,6.215512933492486
-5.0452150107617335,-3.4953630197508705,6.186320424692005
-4.923519378852052,-3.5033923562040394,6.1548357099523345
-4.802422072345044,-3.511226415721803,6.121069578838366
-4.681966170925319,-3.518866198784245,6.085033635131764
-4.562194526490535,-3.5263127717992084,6.046740292679257
-4.443149747785597,-3.5335672668414326,6.006202770948009
-4.3248741851247186,-3.5406308813719884,5.963435090289738
-4.207409915206979,-3.547504877938206,5.918452066915345
-4.090798726030854,-3.554190583854002,5.871269307581922
-3.9750821019132627,-3.5606893908608335,5.821903203994103
-3.860301208618633,-3.5670027547692333,5.770370926921867
-3.746496878603381,-3.5731321950810013,5.71669042003694
-3.6337095963812542,-3.579079294592198,5.6608803934701655
-3.5219794840147878,-3.584845698976941,5.602960317092155
-3.4113462867382345,-3.5904331163521572,5.542950413519791
-3.301849358717219,-3.5958433168233124,5.480871650851154
-3.193527648950254,-3.601078132011281,5.416745735131577
-3.086419687317278,-3.606139454560416,5.350595102553653
-2.980563570780343,-3.611029237627902,5.282442911394109
-2.875996949741375,-3.615749494354572,5.212313033690517
-2.7727570145620626,-3.6203022973172194,5.14023004666094
-2.6708804822506846,-3.624689777962592,5.066219223869781
-2.5704035833207715,-3.6289141260231377,4.990306526143005
-2.471362048826379,-3.6329775889146685,4.912518592236243
-2.3737910975786014,-3.6368824711160377,4.832882729259152
-2.2777254235479747,-3.6406311335310155,4.7514269028596505
-2.18319918345744,-3.64422599283245,4.66817972717165
-2.090245984570131,-3.647669520788902,4.583170454530037
-1.9988988726766208,-3.6509642435738936,4.496428964956757
-1.9091903202858262,-3.654112741057891,4.407985755421831
-1.8211522150238402,-3.6571176460832566,4.3178719288833864
-1.7348158482449338,-3.659981643722243,4.226119183110706
-1.6502119038586927,-3.6627074705182885,4.13275979929446
-1.567370447377476,-3.665297913710714,4.037826630448406
-1.4863209151879635,-3.6677558104430354,3.9413530896067672
-1.407092104050721,-3.6700840469550684,3.843373137821726
-1.3297121608314928,-3.672285557759022,3.7439212719654797
-1.2542085724679086,-3.6743633247997582,3.64303251234134
-1.1806081561752038,-3.676320376599404,3.540742390108538
-1.1089370498943711,-3.6781597873865555,3.4370869345253086
-1.039220702986176,-3.6798846762102335,3.332102660015014
-0.971483867174362,-3.681498206038838,3.2258265530601116
-0.9057505877411653,-3.6830035828442798,3.1182960589287356
-0.842044194978333,-3.68440405467155,3.009549068238923
-0.7803872958966238,-3.6857029106938937,2.8996239033652977
-0.7208017661966346,-3.6869034802538745,2.7885593046933312
-0.663308742503897,-3.688009131890525,2.676394416726228
-0.6079286148708359,-3.6890232723528102,2.563168774049491
-0.5546810195482771,-3.6899493455996804,2.4489222871584837
-0.5035848320289619,-3.6907908317869267,2.3336952281540286
-0.4546581603655134,-3.691551246241087,2.217528216311436
-0.40791833876513317,-3.692234138420678,2.1004622035282026
-0.3633819214632117,-3.6928430908649883,1.9825384596557352
-0.32106467687802204,-3.693381718130686,1.8637985577205451
-0.28098158204837287,-3.6938536657165395,1.7442843590402148
-0.24314681735618038,-3.694262608976476,1.6240379982397064
-0.20757376153571577,-3.6946122520212805,1.5031018681734327
-0.17427498697115273,-3.6949063266091935,1.3815186047586538
-0.1432622552840657,-3.6951485910257076,1.259331071725677
-0.11454651321220731,-3.6953428289528123,1.136582345290553
-0.08813788878101028,-3.695492848328008,1.0133156987557215
-0.0640456877689945,-3.695602480193363,0.8895745870443253
-0.042278390468202184,-3.6956755775349075,0.7654026311738011
-0.0228436487406654,-3.6957160141126733,0.6408436026743572
-0.00574828337185771,-3.695727683281665,0.5159414079581254
0.00900171827815208,-3.695714496804079,0.39074007264451505
0.02140120432506775,-3.6956803836530816,0.2652837258475778
0.03144586011183624,-3.69562928880845,0.1396165844310438
0.03913220966056787,-3.6955651720443883,0.013782937236702014
0.04445761682471916,-3.6954920067098525,-0.11217287070805701
0.04742028614120683,-3.695413778501695,-0.23820645399796436
0.048019263382380634,-3.695334484230954,-0.3642734026670435
0.046254435807768814,-3.6952581305826233,-0.49032929800955427
0.04212653211576971,-3.695188732869223,-0.6163297283990382
0.03563712209542822,-3.695130313778517,-0.7422303050996613
0.026788615978626872,-3.695086902115713,-0.8679866780643063
0.015584263493146469,-3.6950625315404744,-0.9935545517136303
0.002028152617068072,-3.6950612392990956,-1.1188897006904548
-0.013874791964824527,-3.6950870649522036,-1.2439479855838769
-0.032118810701845,-3.69514404909829,-1.3686853686173657
-0.052697311314639686,-3.6952362320934773,-1.493057929295365
-0.07560287122783937,-3.6953676527678354,-1.6170218800027092
-0.10082724029705227,-3.695542347138626,-1.740533581551329
-0.12836134382909528,-3.6957643471208224,-1.8635495586687258
-0.15819528589405027,-3.696037679235266,-1.986026515422604
-0.1903183529279479,-3.696366363314845,-2.1079213505763246
-0.22471901762438776,-3.6967544112090245,-2.2291911728696148
-0.26138494311368565,-3.6972058254871283,-2.34979331621915
-0.30030298742772704,-3.69772459814072,-2.4696853548336697
-0.341459208248764,-3.6983147092854827,-2.588825118238178
-0.3848388679403182,-3.6989801258629402,-2.7071707062020605
-0.4304264388581219,-3.69972480034241,-2.824680503565749
-0.478205608939025,-3.700552669423579,-2.9413131949607645
-0.5281592875656902,-3.7014676527400616,-3.0570277794179805
-0.5802696117047542,-3.702473651564327,-3.171783584858898
-0.6345179523161381,-3.7035745475143864,-3.2855402824649884
-0.6908849210309166,-3.7047742012626137,-3.3982579009199547
-0.7493503770953139,-3.706076451247088,-3.509896840520011
-0.8098934345780157,-3.7074851123858594,-3.6204178871472714
-0.8724924698381393,-3.709003974794494,-3.729782226101283
-0.9371251292510033,-3.710636802507322,-3.837951455784066
-1.0037683371886936,-3.712387332202761,-3.944887601233757
-1.0723983042525207,-3.7142592719330962,-4.050553127502296
-1.1429905357541146,-3.7162562998591393,-4.15491095287243
-1.2155198404421188,-3.7183820629901283,-4.2579244619096075
-1.2899603394710573,-3.7206401759292747,-4.359557518344104
-1.3662854756091374,-3.7230342196253585,-4.459774477779142
-1.4444680226814783,-3.7255677401307454,-4.558540200220504
-1.5244800952452722,-3.728244247366232,-4.655820062423451
-1.6062931584932674,-3.7310672138931413,-4.7515799700526955
-1.6898780383819338,-3.734040073692991,-4.845786369651261
-1.7752049319805037,-3.737166220955213,-4.93840626041425
-1.8622434180371472,-3.7404490088732585,-5.029407205763464
-1.950962467758333,-3.7438917484495047,-5.118757344718979
-2.041330455797425,-3.747497707309389,-5.206425403063882
-2.133315171448497,-3.7512701085250737,-5.2923807042983375
-2.2268838300412677,-3.7552121294491587,-5.376593180379417
-2.3220030845330077,-3.7593269005587073,-5.459033382243031
-2.418639037293138,-3.7636175043101017,-5.539672490104449
-2.5167572520763577,-3.7680869740050036,-5.618482323534075
-2.61632276617978,-3.772738292667903,-5.695435351305009
-2.7173001027798445,-3.777574391935571,-5.770504701009269
-2.819653283444451,-3.78259815095887,-5.843664168439433
-2.9233458408158306,-3.7878123953172524,-5.914888226732657
-3.028340831459589,-3.793219895946374,-5.984152035274092
-3.1346008488752815,-3.7988233680791645,-6.051431448356733
-3.2420880366638705,-3.8046254702008113,-6.116703023595021
-3.3507641018474095,-3.8106288030179085,-6.1799440300893655
-3.46059032833608,-3.8168359084423016,-6.241132456339015
-3.5715275905378734,-3.8232492685899055,-6.30024701790077
-3.6835363671060346,-3.829871304794863,-6.357267164791032
-3.796576754819389,-3.8367043766395064,-6.412173088628915
-3.9106084825906415,-3.8437507810003826,-6.4649457295181545
-4.025590925597693,-3.851012751110793,-6.515566782665619
-4.141483119532963,-3.858492455640168,-6.564018704734439
-4.258243785682577,-3.8661919855645706,-6.610284720183564
-4.375831380606404,-3.874113310387466,-6.654348828048828
-4.494204075136641,-3.8822583125936694,-6.696195807123317
-4.613319756030377,-3.8906288007740986,-6.735811221232443
-4.733136040711227,-3.899226508798031,-6.773181424484779
-4.853610292111315,-3.908053095010415,-6.808293566254194
-4.974699633609143,-3.9171101414581093,-6.8411355958884705
-5.096360964058323,-3.9263991531452818,-6.871696267142502
-5.218550972902218,-3.9359215573181774,-6.899965142334321
-5.341226155369198,-3.945678702779743,-6.925932596222238
-5.4643428277436525,-3.9556718592341076,-6.949589819601502
-5.587857142707313,-3.9659022166613975,-6.970928822619012
-5.711725104745924,-3.976370884723,-6.989942437804589
-5.835902585615941,-3.987078892197522,-7.006624322817592
-5.960345339865943,-3.998027186447722,-7.020968962907517
-6.085009020407626,-4.009216632918532,-7.032971673087584
-6.209849194130896,-4.020648014666418,-7.042628600020138
-6.334821357557874,-4.032322031920224,-7.049936723613036
-6.459880952530386,-4.044239301673705,-7.054893858326073
-6.584983381925555,-4.056400357309834,-7.057498654186756
-6.710084025394164,-4.068805648257121,-7.057750597514754
-6.835138255116246,-4.081455539677968,-7.05565001135443
-6.960101451568632,-4.094350312189246,-7.0511980556150675
-7.084929019298914,-4.107490161615162,-7.044396726918332
-7.209576402700362,-4.120875198772523,-7.035248858152789
-7.333999101782393,-4.134505449288472,-7.0237581177352775
-7.458152687931024,-4.148380853450759,-7.009929008579057
-7.581992819653929,-4.162501266090547,-6.9937668667687936
-7.705475258304547,-4.176866456497879,-6.975277859942494
-7.828555883779758,-4.191476108369798,-6.954468985380664
-7.951190710185637,-4.206329819791111,-6.931348067802951
-8.07333590146581,-4.221427103247767,-6.905923756872809
-8.194947786986887,-4.2367673856729855,-6.878205524410634
-8.315982877075532,-4.252350008525884,-6.848203661316052
-8.436397878501657,-4.268174227902786,-6.815929274200114
-8.556149709902297,-4.2842392146809996,-6.781394281728182
-8.675195517140612,-4.300544054695123,-6.74461141067455
-8.793492688594736,-4.317087748945635,-6.705594191689712
-8.91099887037086,-4.333869213839971,-6.664356954781574
-9.027671981435223,-4.350887281465648,-6.620914824511711
-9.143470228659638,-4.368140699895572,-6.57528371490814
-9.258352121775033,-4.385628133525274,-6.527480324096
-9.372276488227778,-4.403348163442017,-6.477522128647683
-9.485202487933417,-4.4212992878255895,-6.425427377654121
-9.597089627922452,-4.43947992238061,-6.371215086518937
-9.707897776872965,-4.457888400800166,-6.314905030477306
-9.81758717952468,-4.47652297526074,-6.25651773784156
-9.926118470969442,-4.495381816947983,-6.1960744829754955
-10.033452690812767,-4.514463016613283,-6.133597278999575
-10.139551297201281,-4.533764585161052,-6.069108870229335
-10.244376180711125,-4.553284454266048,-6.002632724349194
-10.347889678091924,-4.573020477021117,-5.934193024324338
-10.45005458586162,-4.592970428614459,-5.8638146600530066
-10.550834173746889,-4.613132007036719,-5.791523219761972
-10.65019219796436,-4.633502833817244,-5.717344981147894
-10.748092914337644,-4.65408045478937,-5.641306902267391
-10.844501091245322,-4.6748623408844825,-5.563436612178749
-10.939382022395057,-4.695845888954521,-5.4837624013383515
-11.032701539419186,-4.717028422622426,-5.402313211754854
-11.124426024286944,-4.738407193160561,-5.3191186269044115
-11.21452242152866,-4.759979380396555,-5.23420886141018
-11.302958250267556,-4.781742093646084,-5.147614750489538
-11.389701616054296,-4.803692372672604,-5.059367739172516
-11.474721222500044,-4.825827188673398,-4.9694998712949765
-11.557986382703561,-4.848143445291592,-4.878043778270204
-11.639467030467978,-4.870637979653799,-4.785032667642704
-11.719133731302948,-4.8933075634331615,-4.6905003114279795
-11.796957693207988,-4.916148903937075,-4.594481034242275
-11.87291077723296,-4.939158645219358,-4.497009701226225
-11.946965507811449,-4.962333369216538,-4.398121705766533
-12.01909508286317,-4.985669596907718,-4.2978529570198605
-12.089273383661496,-5.009163789497474,-4.196239867243097
-12.157474984462185,-5.032812349621665,-4.0933193389344895
-12.223675161889568,-5.056611622575371,-3.9891287517898495
-12.287849904076621,-5.0805578975627155,-3.883705949478463
-12.349975919555112,-5.104647408968119,-3.7770892262431923
-12.41003064589253,-5.128876337648257,-3.669317313329418
-12.467992258072247,-5.153240812244609,-3.5604293652475185
-12.52383967661355,-5.177736910515816,-3.450464945873661
-12.57755257542834,-5.2023606606896005,-3.33946401439373
-12.62911138941138,-5.2271080428334615,-3.2274669110953407
-12.678497321760865,-5.251974990243972,-3.114514343012833
-12.725692351026497,-5.276957390853906,-3.0006473694304043
-12.770679237882023,-5.302051088656871,-2.885907387248358
-12.81344153161967,-5.3272518851487005,-2.7703361162176963
-12.853963576363464,-5.352555540785396,-2.6539755840482737
-12.892230516999131,-5.377957776456798,-2.5368681113957394
-12.928228304817921,-5.403454274975595,-2.4190562967327156
-12.96194370287201,-5.4290406825811175,-2.3005830011094384
-12.993364291039148,-5.454712610457301,-2.181491332809418
-13.022478470794423,-5.48046563626452,-2.0618246319055844
-13.049275469687018,-5.506295305684253,-1.9416264547223823
-13.07374534551991,-5.532197133976597,-1.8209405582095397
-13.09587899023084,-5.5581666075496114,-1.6998108842329642
-13.115668133472512,-5.58419918554022,-1.5782815437885696
-13.133105345890614,-5.61029030140592,-1.456396801144667
-13.14818404209788,-5.6364353645269665,-1.3342010579187031
-13.160898483343006,-5.662629761818051,-1.2117388370940756
-13.171243779872873,-5.688868859349393,-1.0890547669829433
-13.179215892986972,-5.715148003976242,-0.966193565140745
-13.184811636782909,-5.741462524976586,-0.8432000222383951
-13.18802867959198,-5.7678077356961,-0.7201189858980397
-13.188865545103978,-5.794178935200148,-0.5969953444982545
-13.187321613180456,-5.820571409931867,-0.47387401095474446
-13.183397120355762,-5.846980435376123,-0.35079990648237414
-13.17709316002545,-5.87340127772838,-0.22781794434463304
-13.168411682321443,-5.8998291955683015,-0.10497301359649239
-13.15735549367385,-5.926259441537153,0.01769003717335034
-13.143928256059235,-5.952687264018492,0.14012641609470575
-13.12813448593514,-5.979107908821784,0.2622914042567116
-13.109979552861105,-6.005516620868053,0.38414037193107303
-13.089469677806214,-6.03190864587722,0.5056287947717156
-13.066611931143655,-6.058279232056316,0.6267122699848274
-13.04141423033247,-6.0846236317882125,0.7473465324631413
-13.013885337287284,-6.110937103320139,0.8674874708785232
-12.98403485543646,-6.137214912451453,0.9870911437267458
-12.951873226469656,-6.163452334220047,1.1061137953184323
-12.91741172677549,-6.189644654586923,1.2245118717101215
-12.880662463570562,-6.215787172118048,1.3422420365694836
-12.841638370720709,-6.2418751996634185,1.4592611869686114
-12.800353204255943,-6.267904066032332,1.5755264690995319
-12.75682153758048,-6.293869117664362,1.6909952939057422
-12.711058756379138,-6.3197657202956785,1.8056253526241075
-12.663081053221996,-6.345589260619898,1.919374632231004
-12.612905421868819,-6.371335147943087,2.0322014307868637
-12.560549651275291,-6.396998815832184,2.1440643726733137
-12.506032319302879,-6.422575723756503,2.2549224237169847
-12.449372786134552,-6.44806135872145,2.3647349061942737
-12.390591187398458,-6.4734512368942605,2.473461513711258
-12.329708427001975,-6.498740905220905,2.581062325953025
-12.266746169678415,-6.523925943033832,2.6874978232968494
-12.20172683324926,-6.549001963649811,2.792728901283323
-12.134673580604195,-6.573964615957598,2.8967168849401848
-12.065610311402008,-6.598809585994638,2.9994235429530463
-11.99456165349521,-6.62353259851235,3.100811101677638
-11.92155295408125,-6.648129418529672,3.200842258988116
-11.846610270583659,-6.672595852873931,3.299480197956032
-11.769760361266053,-6.696927751709075,3.39668860035467
-11.69103067558277,-6.72112101005014,3.4924316599834504
-11.610449344269124,-6.745171569264049,3.5866740958072327
-11.528045169175073,-6.769075418555808,3.6793811649054056
-11.443847612846056,-6.792828596439818,3.770518675225538
-11.357886787854467,-6.816427192195807,3.8600529981368346
-11.270193445885946,-6.839867347308753,3.947951080778274
-11.180798966584195,-6.863145256892566,4.03418045819665
-11.089735346158584,-6.886257171096864,4.1187092652697315
-10.997035185758566,-6.909199396496504,4.201506248409828
-10.902731679619292,-6.931968297463296,4.28254077704313
-10.806858602982711,-6.954560297519566,4.361782854860363
-10.709450299798602,-6.976971880673092,4.439203130834121
-10.610541670210054,-6.999199592733012,4.514772909998789
-10.510168157828303,-7.0212400426060535,4.5884641639884265
-10.408365736801136,-7.043089903573122,4.660249541328768
-10.305170898680206,-7.06474591454534,4.730102377478994
-10.200620639091847,-7.086204881299447,4.797996704619392
-10.094752444216391,-7.1074636776921265,4.863907261180948
-9.987604277081246,-7.128519246852693,4.927809501113099
-9.879214563672644,-7.149368602353931,4.989679602885897
-9.769622178871414,-7.17000882936075,5.049494478223007
-9.658866432218085,-7.190437085756031,5.107231780562003
-9.54698705351259,-7.2106506032436455,5.162869913238596
-9.434024178254147,-7.230646688427965,5.216388037391499
-9.320018332926733,-7.250422723869828,5.267766079584676
-9.205010420135757,-7.269976169118375,5.316984739143988
-9.089041703601646,-7.289304561718545,5.364025495205235
-8.972153793015872,-7.308405518193964,5.408870613470714
-8.854388628765435,-7.3272767350047765,5.4515031526716
-8.735788466531405,-7.345915989480262,5.491906970733493
-8.61639586176758,-7.364321140725824,5.530066730642634
-8.496253654065113,-7.382490130504082,5.56596790601041
-8.375404951409013,-7.400420984089996,5.599596786333869
-8.253893114332744,-7.418111811099387,5.63094048195009
-8.131761739976888,-7.435560806290944,5.659986928682389
-8.009054646058017,-7.452766250341212,5.686724892176461
-7.885815854753909,-7.469726510592511,5.71114397192465
-7.762089576511352,-7.486440041773466,5.733234604976726
-7.637920193782828,-7.502905386691864,5.752988069335609
-7.51335224469826,-7.519121176899722,5.770396487036628
-7.388430406678081,-7.535086133330435,5.78545282690906
-7.263199479994238,-7.550799066907473,5.798150907018806
-7.137704371285072,-7.56625887912493,5.808485396791123
-7.0119900770308,-7.581464562599273,5.816451818812575
-6.886101666995904,-7.596415201592442,5.822046550311433
-6.7600842676447215,-7.611109972506022,5.825266824315848
-6.633983045536823,-7.625548144346324,5.826110730489342
-6.507843190708543,-7.639729079160266,5.824577215643208
-6.381709900047203,-7.653652232441886,5.820666083925619
-6.255628360664337,-7.66731715350943,5.814377996687268
-6.1296437332745235,-7.680723485852821,5.8057144720236415
-6.003801135586274,-7.693870967451413,5.79467788399402
-5.878145625711313,-7.706759431062055,5.781271461517504
-5.752722185598819,-7.719388804477168,5.7654992869465245
-5.627575704501179,-7.731759110752922,5.7473662943183195
-5.502750962477411,-7.743870468407384,5.726878267285107
-5.378292613940907,-7.75572309158857,5.704041836723754
-5.254245171257869,-7.767317290212371,5.678864478025889
-5.1306529884027885,-7.77865347007026,5.651354508069525
-5.007560244677311,-7.789732132906853,5.6215210818734045
-4.885010928498923,-7.800553876467152,5.5893741889354125
-4.763048844240212,-7.811119380342409,5.5549246494834525
-4.641717930507258,-7.821429206715999,5.518184114003941
-4.521062169988009,-7.831483865869761,5.479165067400952
-4.401125299265573,-7.8412839891357,5.437880828673661
-4.281950785210489,-7.850830333374336,5.394345545202444
-4.163581809179849,-7.860123780712891,5.348574186589148
-4.046061251365153,-7.869165338210919,5.300582538211729
-3.9294316752937215,-7.877956137452426,5.250387194497739
-3.8137353124883946,-7.886497434064567,5.198005551920661
-3.699014047290247,-7.894790607162954,5.143455801723199
-3.585309401849288,-7.902837158723479,5.086756922371645
-3.4726625212873485,-7.910638712881022,5.027928671745585
-3.361114159037834,-7.9181970151550045,4.966991579067145
-3.250704662366674,-7.925513931602082,4.903966936574059
-3.1414739580786364,-7.9325914478962565,4.838876790941064
-3.033461538413148,-7.939431668336706,4.771743934453779
-2.9267064471337982,-7.946036814783619,4.702591895939694
-2.8212472658151775,-7.9524092255225955,4.6314449314606545
-2.717122100331173,-7.958551354057881,4.558328014771354
-2.614368567548232,-7.964465767835063,4.483266827548393
-2.513023782227244,-7.9701551468937595,4.406287749394448
-2.413124344137624,-7.975622282450843,4.327417847622174
-2.3147063253868616,-7.980870075414881,4.246684866822433
-2.217805257968976,-7.985901534832487,4.164117218221482
-2.1224561215350835,-7.990719776267286,4.079743968831874
-2.0286933313889075,-7.995328020112327,3.993594830401613
-1.9365507267106303,-7.999729589836702,3.9057001481663765
-1.8460615590116798,-8.003927910167313,3.816090889409457
-1.757258480823314,-8.007926505206672,3.7247986318341826
-1.6701735346218785,-8.01172899648768,3.6318555517535267
-1.5848381419930087,-8.015339100966438,3.5372944121016667
-1.5012830930376737,-8.018760628954102,3.441148550272233
-1.4195385360220991,-8.0219974819889,3.343451865788028
-1.339633967274184,-8.02505365064943,3.2442388078068825
-1.261598221328482,-8.027933212310447,3.143544362468613
-1.1854594613218954,-8.030640328842303,3.0414040400875884
-1.1112451696421612,-8.033179244255392,2.9378538621958468
-1.0389821388310774,-8.035554282290784,2.832930348441462
-0.9686964627442929,-8.037769843958506,2.726670503346894
-0.9004135279694923,-8.039830405024757,2.6191118029321174
-0.8341580055046253,-8.041740513449522,2.5102921812072267
-0.769953842697821,-8.043504786776035,2.4002500165392915
-0.7078242554504188,-8.045127909473551,2.2890241178981574
-0.6477917206847489,-8.046614630234965,2.1766537109859483
-0.5898779690777347,-8.047969759230863,2.063178424254879
-0.5341039780618708,-8.049198165321572,1.948638274818288
-0.4804899650945351,-8.050304773228776,1.8330736542593022
-0.4290553811969983,-8.05129456066847,1.7165253143420052
-0.37981890476389657,-8.052172555446862,1.599034352629684
-0.33279843564428513,-8.052943832520914,1.4806421980148223
-0.2880110894952267,-8.053613511025292,1.3613905961654553
-0.24547319240853288,-8.054186751267538,1.2413215948925154
-0.2052002758115418,-8.054668751693164,1.1204775294427474
-0.16720707164252704,-8.055064745822548,0.9989010077218122
-0.13150750780139395,-8.055379999161453,0.8766348954520429
-0.0981147038761,-8.055619806087028,0.7537223012696189
-0.06704096714535797,-8.055789486711184,0.6302065617654105
-0.0382977888578961,-8.055894383723212,0.5061312264742124
-0.011895840788711715,-8.055939859213645,0.381540042816787
0.012155027927576677,-8.055931291481173,0.25647694099920115
0.03384579368592997,-8.055874071824684,0.13098601887392217
0.05316826102264229,-8.055773601322333,0.005111526767113184
0.07011506494952738,-8.055635287599625,-0.1211021477234465
0.08467967301061122,-8.055464541588524,-0.24761049495539716
0.09685638706127848,-8.055266774279565,-0.37436889848948784
0.10664034477013778,-8.055047393468975,-0.5013326503533356
0.11402752084370588,-8.054811800502863,-0.6284569663171877
0.11901472797423866,-8.054565387020435,-0.7556970011771383
0.12159961751090662,-8.054313531698337,-0.8830078640415774
0.12178067985481966,-8.054061596998086,-1.0103446336165445
0.11955724457816114,-8.053814925918658,-1.1376623734857267
0.1149294802681926,-8.053578838756268,-1.2649161473808208
0.10789839409626856,-8.053358629873378,-1.3920610344380233
0.09846583111292673,-8.053159564478918,-1.5190521444364073
0.08663447326923784,-8.052986875421812,-1.6458446330140548
0.07240783816557114,-8.052845759999768,-1.7723937168575412
0.055790277528147345,-8.052741376785404,-1.8986546888608749
0.0367869754145286,-8.05267884247165,-2.024582933249521
0.015403946148674618,-8.052663228738496,-2.1501339406654467
-0.008351968013346232,-8.052699559142994,-2.2752633232090425
-0.03447309948610741,-8.052792806034564,-2.3999268294338107
-0.06295095822492983,-8.052947887497488,-2.5240803592897185
-0.09377623486229167,-8.05316966432261,-2.64767997901113
-0.1269388041093835,-8.053462937010101,-2.770681935945245
-0.16242772842163633,-8.053832442805277,-2.8930426733170567
-0.20023126192691149,-8.054282852769239,-3.0147188449265987
-0.24033685461512122,-8.054818768886381,-3.13566732977473
-0.2827311567878838,-8.055444721210463,-3.2558452466132235
-0.3274000237668502,-8.056165165051125,-3.375209968415273
-0.3743285208591248,-8.056984478202661,-3.4937191367623908
-0.4235009285784316,-8.057906958216863,-3.611330676143757
-0.47490074812036553,-8.058936819721557,-3.7280028081640495
-0.5285107070900663,-8.060078191786715,-3.843694065655801
-0.5843127654807836,-8.061335115339709,-3.9583633066923976
-0.6422881219014428,-8.062711540631451,-4.071969728497736
-0.7024172200516308,-8.064211324755004,-4.184472881248767
-0.7646797554418818,-8.065838229218285,-4.2958326817668055
-0.8290546823577374,-8.067595917572403,-4.4060094270940295
-0.8955202210653943,-8.069487953097212,-4.514963807951073
-0.9640538652569367,-8.071517796545514,-4.622656922071992
-1.0346323897333183,-8.073688803947396,-4.7290502874127
-1.1072318583227598,-8.076004224476131,-4.83410585522913
-1.1818276320325702,-8.078467198377027,-4.937786023021257
-1.2583943774321087,-8.081080754960533,-5.040053647339221
-1.336906075264593,-8.083847810660952,-5.140872056447758
-1.4173360292855546,-8.086771167161961,-5.240205062845279
-1.4996568753254131,-8.089853509590238,-5.3380169756336215
-1.5838405905738167,-8.093097404778266,-5.434272612735059
-1.669858503083372,-8.096505299597569,-5.528937312952608
-1.7576813014898833,-8.100079519363343,-5.621976947870073
-1.8472790449469085,-8.103822266311628,-5.713357933588115
-1.9386211732717564,-8.107735618149922,-5.803047242292675
-2.031676517300043,-8.111821526682316,-5.891012413652168
-2.1264133094464963,-8.116081816509844,-5.977221566039769
-2.222799194468617,-8.120518183807185,-6.061643407577232
-2.320801240430829,-8.125132195176247,-6.144247246996706
-2.4203859498656946,-8.12992528657755,-6.225003004316851
-2.521519271129552,-8.13489876234011,-6.303881221329933
-2.6241666099492615,-8.140053794250413,-6.380853071896218
-2.728292841157056,-8.145391420721145,-6.455890372042291
-2.833862320610265,-8.150912546040205,-6.528965589859773
-2.9408388972925605,-8.156617939700553,-6.600051855201067
-3.0491859255936604,-8.162508235811279,-6.66912296916872
-3.15886627776379,-8.168583932590376,-6.736153413394978
-3.2698423565396517,-8.174845391939524,-6.801118359108287
-3.3820761079385013,-8.181292839101191,-6.863993675983377
-3.4955290342163843,-8.187926362398327,-6.924755940771612
-3.610162206987388,-8.19474591305683,-6.983382445708495
-3.725936280499801,-8.201751305110962,-7.039851206694979
-3.8428115050657383,-8.208942215391737,-7.094140971249526
-3.9607477406402025,-8.216318183598448,-7.146231226227716
-4.079704470545807,-8.223878612453191,-7.196102205306373
-4.199640815339217,-8.231622767938443,-7.243734896229101
-4.320515546815238,-8.239549779617516,-7.289111047810303
-4.4422871021445784,-8.247658641037727,-7.332213176694638
-4.564913598141031,-8.25594821021614,-7.373024573869085
-4.6883528456540855,-8.264417210207501,-7.411529310924718
-4.812562364082382,-8.27306422975418,-7.447712246065342
-4.937499396004108,-8.28188772401763,-7.481559029860306
-5.063120921919545,-8.290886015391084,-7.513056110738743
-5.189383675101622,-8.30005729439291,-7.5421907402225585
-5.316244156549856,-8.309399620640153,-7.568950977895652
-5.443658650043024,-8.31891092390174,-7.5933256961067555
-5.571583237286172,-8.328589005230635,-7.6153045844034635
-5.699973813147024,-8.338431538174458,-7.634878153695051
-5.828786100977123,-8.348436070063686,-7.652037740141692
-5.957975668013134,-8.358600023376713,-7.6667755087678415
-6.087497940852952,-8.368920697181128,-7.679084456797566
-6.217308221002127,-8.379395268650184,-7.688958416709668
-6.347361700485492,-8.39002079465361,-7.696392059010574
-6.4776134775188865,-8.400794213421898,-7.701380894722951
-6.608018572235867,-8.41171234628307,-7.703921277588205
-6.738531942464444,-8.422771899470812,-7.70401040598096
-6.869108499548467,-8.433969466002985,-7.701646324533842
-6.999703124208367,-8.445301527629523,-7.696827925470844
-7.130270682436203,-8.45676445684824,-7.689554949647715
-7.2607660414193935,-8.46835451898778,-7.679827987297902
-7.39114408548778,-8.480067874356122,-7.667648478482614
-7.521359732078708,-8.491900580453649,-7.653018713243716
-7.651367947714515,-8.503848594249229,-7.635941831458222
-7.781123763986877,-8.515907774518228,-7.616421822393307
-7.910582293542437,-8.528073884240884,-7.594463523960775
-8.039698746064154,-8.540342593059705,-7.5700726216700795
-8.168428444242611,-8.552709479794462,-7.5432556472791
-8.296726839731598,-8.565170035013285,-7.514019977141924
-8.42454952908228,-8.577719663658334,-7.482373830253061
-8.551852269650146,-8.590353687724573,-7.44832626598758
-8.67859099546884,-8.603067348989914,-7.411887181536782
-8.804721833085182,-8.615855811795408,-7.37306730903912
-8.93020111734939,-8.628714165873589,-7.331878212406228
-9.054985407154692,-8.641637429223424,-7.288332283844012
-9.179031501120367,-8.654620551030192,-7.242442740068837
-9.302296453212158,-8.667658414628677,-7.194223618219068
-9.424737588294413,-8.68074584050769,-7.143689771462192
-9.546312517607578,-8.693877589354459,-7.090856864298058
-9.66697915416539,-8.707048365136867,-7.035741367558684
-9.786695728065464,-8.720252818221987,-6.9783605531054125
-9.905420801707578,-8.7334855485289,-6.918732488224137
-10.023113284913334,-8.746741108713936,-6.8568760297196505
-10.13973244994134,-8.760014007386783,-6.792810817710056
-10.255237946391892,-8.773298712355198,-6.72655726912254
-10.369589815995024,-8.786589653896764,-6.658136570891776
-10.482748507275984,-8.799881228055593,-6.587570672862514
-10.594674890092113,-8.813167799962157,-6.514882280397822
-10.705330270035157,-8.826443707174233,-6.440094846694852
-10.814676402692895,-8.83970326303724,-6.363232564809897
-10.922675507764195,-8.852940760061747,-6.284320359394834
-11.029290283021782,-8.866150473316289,-6.203383878147028
-11.134483918116112,-8.87932666383378,-6.120449482975052
-11.238220108215364,-8.892463582029064,-6.035544240882573
-11.340463067474893,-8.905555471126156,-5.948695914573039
-11.441177542330731,-8.918596570592772,-5.859932952777824
-11.540328824611262,-8.931581119580413,-5.769284480310709
-11.637882764461173,-8.944503360367953,-5.676780287851658
-11.733805783072139,-8.95735754180667,-5.582450821463027
-11.828064885214449,-8.97013792276493,-5.486327171841476
-11.920627671563958,-8.982838775570302,-5.388441063309017
-12.011462350819002,-8.99545438944719,-5.288824842546601
-12.100537751601331,-9.0079790739482,-5.187511467074238
-12.187823334136091,-9.020407162377007,-5.084534493481083
-12.273289201705193,-9.032733015200797,-4.979928065409797
-12.356906111868842,-9.044951023450452,-4.873726901299055
-12.438645487449884,-9.057055612106485,-4.76596628188859
-12.518479427276002,-9.06904124346857,-4.656682037491026
-12.596380716674517,-9.08090242050698,-4.545910535035144
-12.672322837714777,-9.092633690193956,-4.43368866488509
-12.746279979193329,-9.104229646812913,-4.320053827440461
-12.818227046357016,-9.115684935243797,-4.205043919521947
-12.888139670359214,-9.126994254222456,-4.088697320547929
-12.95599421744455,-9.138152359572471,-3.971052878506804
-13.021767797857697,-9.149154067407283,-3.8521498957306193
-13.085438274471809,-9.159994257300728,-3.732028114475328
-13.146984271131958,-9.170667875424666,-3.610727702313226
-13.206385180709987,-9.181169937651008,-3.4882892373432473
-13.263621172865951,-9.1914955326173,-3.364753693224908
-13.31867320151282,-9.20163982475327,-3.240162424041773
-13.371523011980166,-9.211598057267098,-3.114557149000506
-13.422153147873287,-9.221365555089484,-2.98797993697164
-13.47054695762421,-9.230937727773696,-2.860473190878193
-13.516688600730909,-9.240310072350109,-2.7320796319387055
-13.560563053681664,-9.249478176133433,-2.6028422837708907
-13.602156115561144,-9.258437719481,-2.472804456362624
-13.641454413335392,-9.26718447850041,-2.342009729916859
-13.678445406812562,-9.275714327705092,-2.210501938577215
-13.713117393276843,-9.284023242616108,-2.0783251540410803
-13.745459511792856,-9.292107302308647,-1.9455236690671531
-13.775461747178174,-9.29996269190164,-1.8121419808844135
-13.80311493364148,-9.307585704989195,-1.6782247745096421
-13.828410758084503,-9.3149727460121,-1.5438169059805646
-13.851341763065488,-9.322120332568177,-1.4089633855120596
-13.871901349422535,-9.329025097660008,-1.2737093605824623
-13.890083778555109,-9.335683791878647,-1.1381000989575512
-13.90588417436229,-9.342093285521951,-1.0021809716595518
-13.91929852483635,-9.34825057064625,-0.8659974358886737
-13.930323683310684,-9.354152763050005,-0.7295950179047198
-13.938957369360885,-9.359797104188427,-0.5930192958763538
-13.945198169358502,-9.365180963017346,-0.45631588270565404
-13.949045536676554,-9.370301837765805,-0.31953040883567113
-13.950499791546543,-9.375157357635606,-0.18270850504856645
-13.949562120566718,-9.379745284427083,-0.04589578526231361
-13.94623457586145,-9.384063514089831,0.09086217066656534
-13.940520073891875,-9.388110078197423,0.2275198341262348
-13.932422393918058,-9.39188314534508,0.3640317449110442
-13.921946176113229,-9.39538102246928,0.5003525283534515
-13.909096919330766,-9.398602156088305,0.6364369124185731
-13.893880978524662,-9.401545133463019,0.7722397447535432
-13.876305561824644,-9.40420868367674,0.9077160096838525
-13.856378727267105,-9.406591678633626,1.0428208451488785
-13.834109379183282,-9.408693133974564,1.1775095595688811
-13.809507264246362,-9.410512209909792,1.311737648635511
-13.782582967179133,-9.412048211967774,1.4454608120183436
-13.753347906124313,-9.413300591659372,1.578634969979534
-13.721814327679638,-9.414268947056776,1.7112162798890043
-13.687995301600152,-9.41495302328649,1.8431611526324947
-13.651904715170094,-9.415352712936011,1.9744262689049095
-13.613557267247218,-9.415468056373337,2.1049685953814175
-13.572968461982471,-9.415299241979085,2.2347454007588157
-13.530154602217904,-9.414846606290576,2.3637142716597532
-13.485132782566424,-9.414110634057563,2.491833128392427
-13.437920882176456,-9.413091958209149,2.6190602405585754
-13.388537557185527,-9.4117913597315,2.7453542425023567
-13.337002232866217,-9.41020976745624,2.8706741485932636
-13.283335095468644,-9.408348257758972,2.994979368335834
-13.227557083763632,-9.406208054167896,3.1182297212992927
-13.169689880290784,-9.403790526882261,3.2403854518603263
-13.109755902316047,-9.401097192200453,3.3614072437521707
-13.04777829250327,-9.398129711857608,3.4812562344134252
-12.983780909304736,-9.394889892272777,3.599894029130133
-12.917788317075512,-9.391379683705349,3.7172827149645706
-12.849825775916718,-9.387601179321019,3.8333848744647208
-12.779919231253166,-9.383556614167087,3.948163599147967
-12.708095303150513,-9.379248364057307,4.061582502753294
-12.634381275377766,-9.374678944366282,4.173605734255934
-12.55880508422064,-9.36985100873366,4.28419799063877
-12.481395307051757,-9.364767347678178,4.393324529414912
-12.402181150663555,-9.35943088712194,4.500951180896004
-12.321192439370112,-9.353844686824967,4.607044360200948
-12.238459602884003,-9.348011938730547,4.711571078999962
-12.154013663974705,-9.341935965221506,4.814498956988933
-12.067886225914796,-9.33562021728797,4.915796233089376
-11.980109459720772,-9.329068272606769,5.0154317763692
-11.890716091195001,-9.32228383353323,5.113375096680006
-11.79973938777562,-9.315270725005572,5.209596355006489
-11.707213145201361,-9.308032892362576,5.30406637352394
-11.613171673998165,-9.30057439907501,5.396756645359855
-11.517649785794688,-9.292899424391495,5.487639344055977
-11.420682779473925,-9.285012260899281,5.576687332727189
-11.322306427167987,-9.276917312000766,5.663874172913933
-11.222556960103496,-9.268619089306386,5.749174133124975
-11.12147105430486,-9.260122209944587,5.832562197067603
-11.01908581616289,-9.251431393789721,5.914014071562423
-10.915438767876134,-9.242551460608643,5.993506194140295
-10.810567832772527,-9.233487327126884,6.071015740318952
-10.704511320518874,-9.22424400401529,6.1465206305572675
-10.597307912225725,-9.214826592798017,6.219999536885108
-10.48899664545531,-9.20524028268293,6.291431889207187
-10.379616899140093,-9.195490347315323,6.3607978812792245
-10.26920837841968,-9.185582141456054,6.4280784763553065
-10.15781109940364,-9.175521097585202,6.493255412505164
-10.045465373867975,-9.165312722432304,6.556311207600617
-9.932211793892922,-9.154962593434362,6.617229163970444
-9.818091216449638,-9.144476355122835,6.675993372723274
-9.703144747943439,-9.133859715440847,6.732588717738237
-9.587413728721254,-9.123118441991892,6.787000879323333
-9.470939717550827,-9.112258358221341,6.839216337541766
-9.353764476079213,-9.101285339532126,6.8892223752065975
-9.235929953278069,-9.090205309336017,6.937007080544359
-9.117478269883236,-9.079024235041937,6.982559349528459
-8.99845170283593,-9.067748123982746,7.025868887883454
-8.878892669733002,-9.056383019282114,7.066926212761391
-8.75884371329334,-9.044934995663045,7.10572265409172
-8.63834748584793,-9.033410155199524,7.142250355606475
-8.517446733860309,-9.02181462301321,7.176502275542572
-8.396184282484732,-9.010154542916657,7.208472187023327
-8.274603020168874,-8.998436073004946,7.238154678121505
-8.15274588330789,-8.986665381197467,7.265545151606364
-8.030655840956667,-8.97484864073176,7.290639824377429
-7.9083758796067265,-8.962992025611292,7.31343572658783
-7.785948988034484,-8.951101706009048,7.333930700460381
-7.663418142227093,-8.939183843629111,7.3521233987995505
-7.540826290392148,-8.927244587028122,7.368013283202922
-7.418216338057542,-8.915290066898777,7.381600621975676
-7.2956311332672055,-8.903326391317533,7.392886487752014
-7.173113451878748,-8.891359640958807,7.401872754827479
-7.050705982968653,-8.879395864277749,7.408562096206348
-6.928451314350514,-8.867441072664139,7.4129579803685175
-6.806391918211778,-8.855501235569637,7.415064667760299
-6.684570136874145,-8.84358227561092,7.4148872070138765
-6.563028168682665,-8.831690063651147,7.412431430900258
-6.4418080540285025,-8.819830413862384,7.407703952020638
-6.320951661509882,-8.808009078771569,7.400712158241405
-6.200500674236001,-8.796231744292752,7.3914642078780055
-6.080496576277954,-8.784504024748326,7.379969024633108
-5.960980639271016,-8.772831457882118,7.366236292294599
-5.841993909172144,-8.76121949986722,7.350276449199089
-5.723577193176504,-8.749673520311495,7.332100682466759
-5.605771046796522,-8.738198797263848,7.311720922013413
-5.488615761106911,-8.726800512224305,7.289149834345772
-5.372151350158701,-8.715483745161116,7.264400816146181
-5.256417538565408,-8.704253469538125,7.23748798765289
-5.14145374926381,-8.693114547355732,7.208426185842248
-5.027299091452254,-8.682071724208786,7.177230957419281
-4.913992348708403,-8.671129624365012,7.143918551623025
-4.801571967288826,-8.660292745867395,7.1085059128532615
-4.6900760446122,-8.649565455664217,7.071010673125219
-4.579542317927873,-8.638951984770427,7.031451144358986
-4.470008153171211,-8.62845642346416,6.989846310510307
-4.361510534006993,-8.61808271652226,6.946215819549601
-4.2540860510619405,-8.607834658498703,6.90057997529597
-4.147770891347152,-8.597715889050013,6.852959729113124
-4.042600827871121,-8.587729888311749,6.803376671474013
-3.9386112094436267,-8.57787997233026,6.751853023401133
-3.8358369506708776,-8.568169288553909,6.69841162778942
-3.734312522141695,-8.558600811388194,6.643075940618545
-3.634071940804604,-8.54917733781918,6.58587002206167
-3.535148760535425,-8.539901483109638,6.526818527497406
-3.4375760628946535,-8.530775676572606,6.465946698431977
-3.3413864480738504,-8.521802157426945,6.403280353338344
-3.246612026029994,-8.512982970739623,6.33884587841917
-3.1532844078064985,-8.504319963459519,6.2726702183003775
-3.061434697039638,-8.495814780547695,6.204780866662008
-2.971093481648511,-8.48746886120892,6.13520585681303
-2.882290825707067,-8.479283435229627,6.063973752216839
-2.795056261495893,-8.47125951942719,5.991113636973731
-2.7094187817318898,-8.463397914215815,5.916655106267029
-2.62540683197329,-8.4556992002941,5.8406282567790875
-2.5430483031977333,-8.448163735459564,5.763063677083492
-2.4623705245505696,-8.440791651555394,5.683992438019593
-2.383400256260716,-8.433582851554762,5.603446083055411
-2.3061636827210616,-8.42653700678803,5.521456618644894
-2.2306864057303386,-8.419653554318343,5.43805650458524
-2.1569934378931648,-8.412931694470876,5.353278644379975
-2.085109196175039,-8.406370388521323,5.267156375613421
-2.0150574956086333,-8.399968356549026,5.179723460341703
-1.946861543147863,-8.39372407546022,5.091014075505694
-1.8805439316660122,-8.38763577718685,5.001062803370826
-1.8161266340940436,-8.381701447066483,4.909904621998712
-1.7536309976952282,-8.375918822408662,4.817574895755175
-1.6930777384720126,-8.370285391253235,4.724109365859266
-1.634486935701064,-8.364798391325948,4.629544140977495
-1.57787802659234,-8.359454809196746,4.533915687867409
-1.5232698010678178,-8.354251379645993,4.4372608220743155
-1.4706803966557571,-8.349184585243883,4.339616698684984
-1.4201272934959417,-8.34425065614821,4.241020803141499
-1.371627309451603,-8.33944557012554,4.141510942118649
-1.325196595323514,-8.33476505280078,4.041125234467707
-1.280850630161807,-8.330204578139998,3.9399021022293343
-1.238604216670903,-8.325759369171257,3.837880261718002
-1.198471476703145,-8.321424398948059,3.7350987146801464
-1.1604658468364466,-8.317194391759864,3.631596739527905
-1.1246000740314688,-8.31306382459398,3.5274138826501
-1.0908862113637816,-8.309026928852989,3.4225899498017576
-1.0593356138263443,-8.305077692331599,3.317164997573164
-1.029958934197878,-8.301209861456698,3.2111793249393585
-1.0027661189725505,-8.297416943794103,3.104673464890248
-0.9777664043464412,-8.293692210825313,2.9976881761416134
-0.9549683122563568,-8.290028700997317,2.8902644349267708
-0.9343796464665398,-8.286419223048195,2.7824434268683094
-0.9160074886988533,-8.28285635961108,2.6742665389290563
-0.8998581948020894,-8.279332471098611,2.565775351441057
